ID,content,searched_at
3,apple,2024-04-08 19:05:54
2,banany,2024-04-08 19:52:25
4,horalky,2024-03-16 14:20:20
5,hell,2024-04-08 19:06:07
6,sdds,2024-04-08 18:11:00
7,sd,2024-03-06 00:41:04
8,as,2024-03-06 00:41:07
9,ssa,2024-03-06 00:44:14
10,sasa,2024-03-06 00:44:35
11,saas,2024-03-06 00:44:32
12,pukance,2024-04-05 14:28:42
13,rozok biely,2024-04-08 19:52:02
14,popcorn,2024-04-08 19:13:44
15,nieco,2024-04-08 19:05:18
16,chrumky,2024-04-08 19:54:33
17,Rozok biely,2024-04-18 19:08:39
18,dd,2024-04-18 19:19:36
19,ccxcx,2024-04-18 19:30:37
20,pomarance,2024-04-20 23:23:21
